name,store_id,founded,owner
Mexico City,1,1995,Fleta Rutland
Guadalajara,2,2011,Mauricio Mina
Monterrey,3,1954,Serafín Sanz
Puebla,4,1970,Violeta González
Tijuana,5,1961,Isabela Encarnación
Toluca,6,1956,Yvonne Mastache
Leon,7,1972,Gabriel Venegas
Ciudad Juárez,8,2000,Emma Cazalla
Torreon,9,1971,Constanza Carvallo
Nezahualcoyotl,10,1990,Agustina Espina
San Luis Potosi,11,1994,Cristina Alarcón
Merida,12,1978,Diego Alejandro Sánchez
Queretaro,13,1976,Pedro Mariano
Mexicali,14,2012,Serafín Figueroa
Aguascalientes,15,1983,Angel Chicote
Tampico,16,2013,Liliana Obregón
Cuernavaca,17,2009,Penelope Dalton
Culiacan,18,1955,Abigail Berrocal
Chihuahua,19,1954,Josefa Molina
Saltillo,20,2000,Édgar Prats
Acapulco,21,1960,Soledad Berganza
Morelia,22,1994,Breonna Denholm
Hermosillo,23,1999,Thiago Palacio
Veracruz,24,2003,Patricio Martí
Cancun,25,1995,Adrienne Mendenhall
Matamoros,26,1965,Nazaret Espina
Oaxaca,27,1969,Kasandra Brownrigg
Tlaxcala,28,2005,Miranda Rouco
MazatlÃ¡n,29,1993,Joshua Bienvenida
Reynosa,30,1989,Estefania Luque
Tuxtla Gutierrez,31,1996,Magdalena Guillén
Durango,32,1972,Estefania Atenas
Xalapa,33,1984,Lyric Sidney
Villahermosa,34,2000,Juan José Berrocal
Gomez Palacio,35,1992,Natalia Semprún
Celaya,36,1995,Selwin Byron
Mazatlan,37,2007,Raul Barrueco
Orizaba,38,2014,Rodrigo Ferrant
Nuevo Laredo,39,1979,Manuel Vera
Irapuato,40,1962,Alex Gallo
Pachuca,41,1988,Candela Mastache
Tepic,42,1958,Rafael Llacer
Ciudad Obregon,43,1990,Brittany Anderton
Coatzacoalcos,44,2014,Priscila Carballal
Ciudad Victoria,45,1954,Christian del Pozo
Uruapan,46,1956,Alejandra Bienvenida
Ensenada,47,2010,Allison Reyes
Poza Rica de Hidalgo,48,2013,Arenya Harrington
Zumpango,49,1962,Kiersten Brady
Los Mochis,50,2015,Alexia Sáez
